company_id,type,rule_id,text,confidence_pct
ABB,pro,PRO_1,Consistently high return on equity above 20% demonstrates exceptional capital efficiency,90.59
ABB,pro,PRO_2,Strong free cash flow generation over 5 years signals healthy business fundamentals,100.0
ABB,pro,PRO_7,Very high interest coverage ratio reflects negligible financial stress from debt servicing,100.0
ABB,pro,PRO_10,Return on equity improving for 3 consecutive years shows strengthening business quality,95.59
ABB,pro,PRO_11,Revenue growing slower than profits shows improving operating leverage and scale benefits,65.78
ABB,pro,PRO_12,Growing asset base funded by internal accruals reflects self-sustaining growth,85.0
ABB,con,CON_5,Revenue contraction over 2 consecutive years indicates demand weakness or market share loss,75.0
ABB,con,CON_12,Revenue growing at below 5% over 5 years lags inflation and suggests limited business momentum,98.48
ADANIENSOL,pro,PRO_5,Operating profit margin above 25% indicates strong pricing power and cost discipline,80.0
ADANIENSOL,pro,PRO_10,Return on equity improving for 3 consecutive years shows strengthening business quality,66.83
ADANIENSOL,con,CON_1,Debt-to-equity ratio of 2.93 is elevated for a non-financial company and warrants monitoring,86.66
ADANIENSOL,con,CON_3,Operating margins declining for 3 consecutive years suggest pricing or cost pressure,75.0
ADANIENSOL,con,CON_5,Revenue contraction over 2 consecutive years indicates demand weakness or market share loss,75.0
ADANIENSOL,con,CON_8,Rising debt-to-equity ratio over 3 years suggests increasing financial leverage risk,75.0
ADANIENSOL,con,CON_10,Return on capital employed below 10% suggests the business is not generating sufficient returns on invested capital,77.5
ADANIENSOL,con,CON_11,Net debt exceeding 3 times EBITDA is a high leverage ratio and limits financial flexibility,90.41
ADANIENSOL,con,CON_12,Revenue growing at below 5% over 5 years lags inflation and suggests limited business momentum,87.18
ADANIENT,pro,PRO_10,Return on equity improving for 3 consecutive years shows strengthening business quality,65.66
ADANIENT,pro,PRO_11,Revenue growing slower than profits shows improving operating leverage and scale benefits,78.19
ADANIENT,con,CON_5,Revenue contraction over 2 consecutive years indicates demand weakness or market share loss,75.0
ADANIENT,con,CON_8,Rising debt-to-equity ratio over 3 years suggests increasing financial leverage risk,75.0
ADANIENT,con,CON_9,Earnings per share declining for 3 consecutive years reflects deteriorating profitability,75.0
ADANIENT,con,CON_11,Net debt exceeding 3 times EBITDA is a high leverage ratio and limits financial flexibility,82.72
ADANIENT,con,CON_12,Revenue growing at below 5% over 5 years lags inflation and suggests limited business momentum,97.54
ADANIGREEN,pro,PRO_5,Operating profit margin above 25% indicates strong pricing power and cost discipline,100.0
ADANIGREEN,pro,PRO_10,Return on equity improving for 3 consecutive years shows strengthening business quality,71.01
ADANIGREEN,pro,PRO_11,Revenue growing slower than profits shows improving operating leverage and scale benefits,74.72
ADANIGREEN,con,CON_1,Debt-to-equity ratio of 6.60 is elevated for a non-financial company and warrants monitoring,100.0
ADANIGREEN,con,CON_3,Operating margins declining for 3 consecutive years suggest pricing or cost pressure,75.0
ADANIGREEN,con,CON_5,Revenue contraction over 2 consecutive years indicates demand weakness or market share loss,75.0
ADANIGREEN,con,CON_8,Rising debt-to-equity ratio over 3 years suggests increasing financial leverage risk,75.0
ADANIGREEN,con,CON_9,Earnings per share declining for 3 consecutive years reflects deteriorating profitability,75.0
ADANIGREEN,con,CON_11,Net debt exceeding 3 times EBITDA is a high leverage ratio and limits financial flexibility,100.0
ADANIGREEN,con,CON_12,Revenue growing at below 5% over 5 years lags inflation and suggests limited business momentum,90.31
ADANIPORTS,pro,PRO_5,Operating profit margin above 25% indicates strong pricing power and cost discipline,100.0
ADANIPORTS,pro,PRO_10,Return on equity improving for 3 consecutive years shows strengthening business quality,74.19
ADANIPORTS,pro,PRO_11,Revenue growing slower than profits shows improving operating leverage and scale benefits,66.45
ADANIPORTS,pro,PRO_12,Growing asset base funded by internal accruals reflects self-sustaining growth,85.0
ADANIPORTS,con,CON_3,Operating margins declining for 3 consecutive years suggest pricing or cost pressure,75.0
ADANIPORTS,con,CON_5,Revenue contraction over 2 consecutive years indicates demand weakness or market share loss,75.0
ADANIPORTS,con,CON_8,Rising debt-to-equity ratio over 3 years suggests increasing financial leverage risk,75.0
ADANIPORTS,con,CON_12,Revenue growing at below 5% over 5 years lags inflation and suggests limited business momentum,98.75
ADANIPOWER,pro,PRO_1,Consistently high return on equity above 20% demonstrates exceptional capital efficiency,100.0
ADANIPOWER,pro,PRO_2,Strong free cash flow generation over 5 years signals healthy business fundamentals,100.0
ADANIPOWER,pro,PRO_5,Operating profit margin above 25% indicates strong pricing power and cost discipline,86.0
ADANIPOWER,pro,PRO_10,Return on equity improving for 3 consecutive years shows strengthening business quality,100.0
ADANIPOWER,pro,PRO_12,Growing asset base funded by internal accruals reflects self-sustaining growth,85.0
ADANIPOWER,con,CON_5,Revenue contraction over 2 consecutive years indicates demand weakness or market share loss,75.0
ADANIPOWER,con,CON_8,Rising debt-to-equity ratio over 3 years suggests increasing financial leverage risk,75.0
ADANIPOWER,con,CON_12,Revenue growing at below 5% over 5 years lags inflation and suggests limited business momentum,96.6
ATGL,pro,PRO_7,Very high interest coverage ratio reflects negligible financial stress from debt servicing,76.26
ATGL,pro,PRO_10,Return on equity improving for 3 consecutive years shows strengthening business quality,78.32
ATGL,con,CON_3,Operating margins declining for 3 consecutive years suggest pricing or cost pressure,75.0
ATGL,con,CON_5,Revenue contraction over 2 consecutive years indicates demand weakness or market share loss,75.0
ATGL,con,CON_8,Rising debt-to-equity ratio over 3 years suggests increasing financial leverage risk,75.0
ATGL,con,CON_12,Revenue growing at below 5% over 5 years lags inflation and suggests limited business momentum,94.64
AMBUJACEM,pro,PRO_7,Very high interest coverage ratio reflects negligible financial stress from debt servicing,100.0
AMBUJACEM,pro,PRO_10,Return on equity improving for 3 consecutive years shows strengthening business quality,69.29
AMBUJACEM,con,CON_3,Operating margins declining for 3 consecutive years suggest pricing or cost pressure,75.0
AMBUJACEM,con,CON_5,Revenue contraction over 2 consecutive years indicates demand weakness or market share loss,75.0
AMBUJACEM,con,CON_12,Revenue growing at below 5% over 5 years lags inflation and suggests limited business momentum,99.61
APOLLOHOSP,pro,PRO_2,Strong free cash flow generation over 5 years signals healthy business fundamentals,100.0
APOLLOHOSP,pro,PRO_8,Consistent dividend yield above 2% backed by positive free cash flow,95.12
APOLLOHOSP,pro,PRO_10,Return on equity improving for 3 consecutive years shows strengthening business quality,71.85
APOLLOHOSP,pro,PRO_11,Revenue growing slower than profits shows improving operating leverage and scale benefits,69.88
APOLLOHOSP,con,CON_3,Operating margins declining for 3 consecutive years suggest pricing or cost pressure,75.0
APOLLOHOSP,con,CON_5,Revenue contraction over 2 consecutive years indicates demand weakness or market share loss,75.0
APOLLOHOSP,con,CON_8,Rising debt-to-equity ratio over 3 years suggests increasing financial leverage risk,75.0
APOLLOHOSP,con,CON_9,Earnings per share declining for 3 consecutive years reflects deteriorating profitability,75.0
APOLLOHOSP,con,CON_12,Revenue growing at below 5% over 5 years lags inflation and suggests limited business momentum,97.03
ASIANPAINT,pro,PRO_1,Consistently high return on equity above 20% demonstrates exceptional capital efficiency,87.1
ASIANPAINT,pro,PRO_2,Strong free cash flow generation over 5 years signals healthy business fundamentals,100.0
ASIANPAINT,pro,PRO_7,Very high interest coverage ratio reflects negligible financial stress from debt servicing,100.0
ASIANPAINT,pro,PRO_8,Consistent dividend yield above 2% backed by positive free cash flow,90.12
ASIANPAINT,pro,PRO_10,Return on equity improving for 3 consecutive years shows strengthening business quality,92.1
ASIANPAINT,con,CON_5,Revenue contraction over 2 consecutive years indicates demand weakness or market share loss,75.0
ASIANPAINT,con,CON_8,Rising debt-to-equity ratio over 3 years suggests increasing financial leverage risk,75.0
ASIANPAINT,con,CON_12,Revenue growing at below 5% over 5 years lags inflation and suggests limited business momentum,99.21
DMART,pro,PRO_2,Strong free cash flow generation over 5 years signals healthy business fundamentals,100.0
DMART,pro,PRO_7,Very high interest coverage ratio reflects negligible financial stress from debt servicing,100.0
DMART,pro,PRO_10,Return on equity improving for 3 consecutive years shows strengthening business quality,71.95
DMART,pro,PRO_12,Growing asset base funded by internal accruals reflects self-sustaining growth,85.0
DMART,con,CON_3,Operating margins declining for 3 consecutive years suggest pricing or cost pressure,75.0
DMART,con,CON_5,Revenue contraction over 2 consecutive years indicates demand weakness or market share loss,75.0
DMART,con,CON_8,Rising debt-to-equity ratio over 3 years suggests increasing financial leverage risk,75.0
DMART,con,CON_12,Revenue growing at below 5% over 5 years lags inflation and suggests limited business momentum,95.06
AXISBANK,pro,PRO_5,Operating profit margin above 25% indicates strong pricing power and cost discipline,100.0
AXISBANK,pro,PRO_10,Return on equity improving for 3 consecutive years shows strengthening business quality,74.79
AXISBANK,con,CON_2,Free cash flow negative for 3 consecutive years raises concern about cash generation quality,85.0
AXISBANK,con,CON_3,Operating margins declining for 3 consecutive years suggest pricing or cost pressure,75.0
AXISBANK,con,CON_5,Revenue contraction over 2 consecutive years indicates demand weakness or market share loss,75.0
AXISBANK,con,CON_8,Rising debt-to-equity ratio over 3 years suggests increasing financial leverage risk,75.0
AXISBANK,con,CON_9,Earnings per share declining for 3 consecutive years reflects deteriorating profitability,75.0
AXISBANK,con,CON_10,Return on capital employed below 10% suggests the business is not generating sufficient returns on invested capital,82.35
AXISBANK,con,CON_11,Net debt exceeding 3 times EBITDA is a high leverage ratio and limits financial flexibility,100.0
AXISBANK,con,CON_12,Revenue growing at below 5% over 5 years lags inflation and suggests limited business momentum,95.92
BAJAJ-AUTO,pro,PRO_1,Consistently high return on equity above 20% demonstrates exceptional capital efficiency,83.26
BAJAJ-AUTO,pro,PRO_2,Strong free cash flow generation over 5 years signals healthy business fundamentals,100.0
BAJAJ-AUTO,pro,PRO_7,Very high interest coverage ratio reflects negligible financial stress from debt servicing,100.0
BAJAJ-AUTO,pro,PRO_8,Consistent dividend yield above 2% backed by positive free cash flow,97.44
BAJAJ-AUTO,pro,PRO_10,Return on equity improving for 3 consecutive years shows strengthening business quality,88.26
BAJAJ-AUTO,con,CON_3,Operating margins declining for 3 consecutive years suggest pricing or cost pressure,75.0
BAJAJ-AUTO,con,CON_5,Revenue contraction over 2 consecutive years indicates demand weakness or market share loss,75.0
BAJAJ-AUTO,con,CON_8,Rising debt-to-equity ratio over 3 years suggests increasing financial leverage risk,75.0
BAJAJ-AUTO,con,CON_12,Revenue growing at below 5% over 5 years lags inflation and suggests limited business momentum,96.43
BAJFINANCE,pro,PRO_5,Operating profit margin above 25% indicates strong pricing power and cost discipline,100.0
BAJFINANCE,pro,PRO_7,Very high interest coverage ratio reflects negligible financial stress from debt servicing,100.0
BAJFINANCE,pro,PRO_10,Return on equity improving for 3 consecutive years shows strengthening business quality,78.55
BAJFINANCE,con,CON_2,Free cash flow negative for 3 consecutive years raises concern about cash generation quality,85.0
BAJFINANCE,con,CON_3,Operating margins declining for 3 consecutive years suggest pricing or cost pressure,75.0
BAJFINANCE,con,CON_5,Revenue contraction over 2 consecutive years indicates demand weakness or market share loss,75.0
BAJFINANCE,con,CON_8,Rising debt-to-equity ratio over 3 years suggests increasing financial leverage risk,75.0
BAJFINANCE,con,CON_11,Net debt exceeding 3 times EBITDA is a high leverage ratio and limits financial flexibility,100.0
BAJFINANCE,con,CON_12,Revenue growing at below 5% over 5 years lags inflation and suggests limited business momentum,93.8
BAJAJFINSV,pro,PRO_1,Consistently high return on equity above 20% demonstrates exceptional capital efficiency,82.31
BAJAJFINSV,pro,PRO_5,Operating profit margin above 25% indicates strong pricing power and cost discipline,87.0
BAJAJFINSV,pro,PRO_10,Return on equity improving for 3 consecutive years shows strengthening business quality,87.31
BAJAJFINSV,con,CON_2,Free cash flow negative for 3 consecutive years raises concern about cash generation quality,85.0
BAJAJFINSV,con,CON_3,Operating margins declining for 3 consecutive years suggest pricing or cost pressure,75.0
BAJAJFINSV,con,CON_5,Revenue contraction over 2 consecutive years indicates demand weakness or market share loss,75.0
BAJAJFINSV,con,CON_8,Rising debt-to-equity ratio over 3 years suggests increasing financial leverage risk,75.0
BAJAJFINSV,con,CON_12,Revenue growing at below 5% over 5 years lags inflation and suggests limited business momentum,94.43
BAJAJHLDNG,pro,PRO_5,Operating profit margin above 25% indicates strong pricing power and cost discipline,100.0
BAJAJHLDNG,pro,PRO_7,Very high interest coverage ratio reflects negligible financial stress from debt servicing,100.0
BAJAJHLDNG,pro,PRO_8,Consistent dividend yield above 2% backed by positive free cash flow,96.06
BAJAJHLDNG,pro,PRO_10,Return on equity improving for 3 consecutive years shows strengthening business quality,71.97
BAJAJHLDNG,pro,PRO_12,Growing asset base funded by internal accruals reflects self-sustaining growth,85.0
BAJAJHLDNG,con,CON_3,Operating margins declining for 3 consecutive years suggest pricing or cost pressure,75.0
BAJAJHLDNG,con,CON_5,Revenue contraction over 2 consecutive years indicates demand weakness or market share loss,75.0
BAJAJHLDNG,con,CON_12,Revenue growing at below 5% over 5 years lags inflation and suggests limited business momentum,99.25
BANKBARODA,pro,PRO_5,Operating profit margin above 25% indicates strong pricing power and cost discipline,100.0
BANKBARODA,pro,PRO_10,Return on equity improving for 3 consecutive years shows strengthening business quality,74.7
BANKBARODA,pro,PRO_11,Revenue growing slower than profits shows improving operating leverage and scale benefits,65.44
BANKBARODA,con,CON_2,Free cash flow negative for 3 consecutive years raises concern about cash generation quality,85.0
BANKBARODA,con,CON_3,Operating margins declining for 3 consecutive years suggest pricing or cost pressure,75.0
BANKBARODA,con,CON_5,Revenue contraction over 2 consecutive years indicates demand weakness or market share loss,75.0
BANKBARODA,con,CON_9,Earnings per share declining for 3 consecutive years reflects deteriorating profitability,75.0
BANKBARODA,con,CON_10,Return on capital employed below 10% suggests the business is not generating sufficient returns on invested capital,84.17
BANKBARODA,con,CON_11,Net debt exceeding 3 times EBITDA is a high leverage ratio and limits financial flexibility,100.0
BANKBARODA,con,CON_12,Revenue growing at below 5% over 5 years lags inflation and suggests limited business momentum,98.02
BEL,pro,PRO_1,Consistently high return on equity above 20% demonstrates exceptional capital efficiency,100.0
BEL,pro,PRO_7,Very high interest coverage ratio reflects negligible financial stress from debt servicing,100.0
BEL,pro,PRO_10,Return on equity improving for 3 consecutive years shows strengthening business quality,100.0
BEL,pro,PRO_11,Revenue growing slower than profits shows improving operating leverage and scale benefits,66.69
BEL,con,CON_5,Revenue contraction over 2 consecutive years indicates demand weakness or market share loss,75.0
BEL,con,CON_8,Rising debt-to-equity ratio over 3 years suggests increasing financial leverage risk,75.0
BEL,con,CON_12,Revenue growing at below 5% over 5 years lags inflation and suggests limited business momentum,97.4
BHEL,pro,PRO_11,Revenue growing slower than profits shows improving operating leverage and scale benefits,74.24
BHEL,con,CON_3,Operating margins declining for 3 consecutive years suggest pricing or cost pressure,75.0
BHEL,con,CON_5,Revenue contraction over 2 consecutive years indicates demand weakness or market share loss,75.0
BHEL,con,CON_8,Rising debt-to-equity ratio over 3 years suggests increasing financial leverage risk,75.0
BHEL,con,CON_9,Earnings per share declining for 3 consecutive years reflects deteriorating profitability,75.0
BHEL,con,CON_10,Return on capital employed below 10% suggests the business is not generating sufficient returns on invested capital,91.8
BHEL,con,CON_11,Net debt exceeding 3 times EBITDA is a high leverage ratio and limits financial flexibility,100.0
BHEL,con,CON_12,Revenue growing at below 5% over 5 years lags inflation and suggests limited business momentum,96.76
BPCL,pro,PRO_2,Strong free cash flow generation over 5 years signals healthy business fundamentals,100.0
BPCL,pro,PRO_7,Very high interest coverage ratio reflects negligible financial stress from debt servicing,78.39
BPCL,pro,PRO_10,Return on equity improving for 3 consecutive years shows strengthening business quality,99.39
BPCL,pro,PRO_12,Growing asset base funded by internal accruals reflects self-sustaining growth,85.0
BPCL,con,CON_3,Operating margins declining for 3 consecutive years suggest pricing or cost pressure,75.0
BPCL,con,CON_5,Revenue contraction over 2 consecutive years indicates demand weakness or market share loss,75.0
BPCL,con,CON_8,Rising debt-to-equity ratio over 3 years suggests increasing financial leverage risk,75.0
BPCL,con,CON_9,Earnings per share declining for 3 consecutive years reflects deteriorating profitability,75.0
BPCL,con,CON_12,Revenue growing at below 5% over 5 years lags inflation and suggests limited business momentum,99.77
BHARTIARTL,pro,PRO_2,Strong free cash flow generation over 5 years signals healthy business fundamentals,100.0
BHARTIARTL,pro,PRO_5,Operating profit margin above 25% indicates strong pricing power and cost discipline,100.0
BHARTIARTL,pro,PRO_10,Return on equity improving for 3 consecutive years shows strengthening business quality,67.95
BHARTIARTL,pro,PRO_11,Revenue growing slower than profits shows improving operating leverage and scale benefits,75.84
BHARTIARTL,con,CON_1,Debt-to-equity ratio of 2.61 is elevated for a non-financial company and warrants monitoring,82.62
BHARTIARTL,con,CON_3,Operating margins declining for 3 consecutive years suggest pricing or cost pressure,75.0
BHARTIARTL,con,CON_5,Revenue contraction over 2 consecutive years indicates demand weakness or market share loss,75.0
BHARTIARTL,con,CON_8,Rising debt-to-equity ratio over 3 years suggests increasing financial leverage risk,75.0
BHARTIARTL,con,CON_9,Earnings per share declining for 3 consecutive years reflects deteriorating profitability,75.0
BHARTIARTL,con,CON_12,Revenue growing at below 5% over 5 years lags inflation and suggests limited business momentum,98.5
BOSCHLTD,pro,PRO_2,Strong free cash flow generation over 5 years signals healthy business fundamentals,100.0
BOSCHLTD,pro,PRO_7,Very high interest coverage ratio reflects negligible financial stress from debt servicing,100.0
BOSCHLTD,pro,PRO_8,Consistent dividend yield above 2% backed by positive free cash flow,100.0
BOSCHLTD,pro,PRO_10,Return on equity improving for 3 consecutive years shows strengthening business quality,80.8
BOSCHLTD,pro,PRO_12,Growing asset base funded by internal accruals reflects self-sustaining growth,85.0
BOSCHLTD,con,CON_3,Operating margins declining for 3 consecutive years suggest pricing or cost pressure,75.0
BOSCHLTD,con,CON_5,Revenue contraction over 2 consecutive years indicates demand weakness or market share loss,75.0
BOSCHLTD,con,CON_9,Earnings per share declining for 3 consecutive years reflects deteriorating profitability,75.0
BOSCHLTD,con,CON_12,Revenue growing at below 5% over 5 years lags inflation and suggests limited business momentum,98.96
BRITANNIA,pro,PRO_1,Consistently high return on equity above 20% demonstrates exceptional capital efficiency,100.0
BRITANNIA,pro,PRO_2,Strong free cash flow generation over 5 years signals healthy business fundamentals,100.0
BRITANNIA,pro,PRO_7,Very high interest coverage ratio reflects negligible financial stress from debt servicing,100.0
BRITANNIA,pro,PRO_10,Return on equity improving for 3 consecutive years shows strengthening business quality,100.0
BRITANNIA,con,CON_5,Revenue contraction over 2 consecutive years indicates demand weakness or market share loss,75.0
BRITANNIA,con,CON_8,Rising debt-to-equity ratio over 3 years suggests increasing financial leverage risk,75.0
BRITANNIA,con,CON_12,Revenue growing at below 5% over 5 years lags inflation and suggests limited business momentum,98.84
CANBK,pro,PRO_8,Consistent dividend yield above 2% backed by positive free cash flow,98.81
CANBK,pro,PRO_10,Return on equity improving for 3 consecutive years shows strengthening business quality,75.9
CANBK,con,CON_3,Operating margins declining for 3 consecutive years suggest pricing or cost pressure,75.0
CANBK,con,CON_5,Revenue contraction over 2 consecutive years indicates demand weakness or market share loss,75.0
CANBK,con,CON_8,Rising debt-to-equity ratio over 3 years suggests increasing financial leverage risk,75.0
CANBK,con,CON_9,Earnings per share declining for 3 consecutive years reflects deteriorating profitability,75.0
CANBK,con,CON_10,Return on capital employed below 10% suggests the business is not generating sufficient returns on invested capital,83.42
CANBK,con,CON_11,Net debt exceeding 3 times EBITDA is a high leverage ratio and limits financial flexibility,100.0
CANBK,con,CON_12,Revenue growing at below 5% over 5 years lags inflation and suggests limited business momentum,96.79
CHOLAFIN,pro,PRO_5,Operating profit margin above 25% indicates strong pricing power and cost discipline,100.0
CHOLAFIN,pro,PRO_7,Very high interest coverage ratio reflects negligible financial stress from debt servicing,100.0
CHOLAFIN,pro,PRO_10,Return on equity improving for 3 consecutive years shows strengthening business quality,76.83
CHOLAFIN,con,CON_2,Free cash flow negative for 3 consecutive years raises concern about cash generation quality,85.0
CHOLAFIN,con,CON_3,Operating margins declining for 3 consecutive years suggest pricing or cost pressure,75.0
CHOLAFIN,con,CON_5,Revenue contraction over 2 consecutive years indicates demand weakness or market share loss,75.0
CHOLAFIN,con,CON_8,Rising debt-to-equity ratio over 3 years suggests increasing financial leverage risk,75.0
CHOLAFIN,con,CON_11,Net debt exceeding 3 times EBITDA is a high leverage ratio and limits financial flexibility,100.0
CHOLAFIN,con,CON_12,Revenue growing at below 5% over 5 years lags inflation and suggests limited business momentum,93.35
CIPLA,pro,PRO_2,Strong free cash flow generation over 5 years signals healthy business fundamentals,100.0
CIPLA,pro,PRO_5,Operating profit margin above 25% indicates strong pricing power and cost discipline,100.0
CIPLA,pro,PRO_7,Very high interest coverage ratio reflects negligible financial stress from debt servicing,100.0
CIPLA,pro,PRO_11,Revenue growing slower than profits shows improving operating leverage and scale benefits,68.39
CIPLA,pro,PRO_12,Growing asset base funded by internal accruals reflects self-sustaining growth,85.0
CIPLA,con,CON_3,Operating margins declining for 3 consecutive years suggest pricing or cost pressure,75.0
CIPLA,con,CON_5,Revenue contraction over 2 consecutive years indicates demand weakness or market share loss,75.0
CIPLA,con,CON_8,Rising debt-to-equity ratio over 3 years suggests increasing financial leverage risk,75.0
CIPLA,con,CON_9,Earnings per share declining for 3 consecutive years reflects deteriorating profitability,75.0
CIPLA,con,CON_12,Revenue growing at below 5% over 5 years lags inflation and suggests limited business momentum,98.1
COALINDIA,pro,PRO_1,Consistently high return on equity above 20% demonstrates exceptional capital efficiency,100.0
COALINDIA,pro,PRO_2,Strong free cash flow generation over 5 years signals healthy business fundamentals,100.0
COALINDIA,pro,PRO_5,Operating profit margin above 25% indicates strong pricing power and cost discipline,100.0
COALINDIA,pro,PRO_7,Very high interest coverage ratio reflects negligible financial stress from debt servicing,78.1
COALINDIA,pro,PRO_8,Consistent dividend yield above 2% backed by positive free cash flow,100.0
COALINDIA,pro,PRO_10,Return on equity improving for 3 consecutive years shows strengthening business quality,100.0
COALINDIA,con,CON_3,Operating margins declining for 3 consecutive years suggest pricing or cost pressure,75.0
COALINDIA,con,CON_5,Revenue contraction over 2 consecutive years indicates demand weakness or market share loss,75.0
COALINDIA,con,CON_8,Rising debt-to-equity ratio over 3 years suggests increasing financial leverage risk,75.0
COALINDIA,con,CON_9,Earnings per share declining for 3 consecutive years reflects deteriorating profitability,75.0
COALINDIA,con,CON_12,Revenue growing at below 5% over 5 years lags inflation and suggests limited business momentum,99.41
DLF,pro,PRO_2,Strong free cash flow generation over 5 years signals healthy business fundamentals,100.0
DLF,pro,PRO_5,Operating profit margin above 25% indicates strong pricing power and cost discipline,83.0
DLF,pro,PRO_8,Consistent dividend yield above 2% backed by positive free cash flow,91.12
DLF,pro,PRO_10,Return on equity improving for 3 consecutive years shows strengthening business quality,63.64
DLF,pro,PRO_11,Revenue growing slower than profits shows improving operating leverage and scale benefits,72.35
DLF,con,CON_3,Operating margins declining for 3 consecutive years suggest pricing or cost pressure,75.0
DLF,con,CON_5,Revenue contraction over 2 consecutive years indicates demand weakness or market share loss,75.0
DLF,con,CON_8,Rising debt-to-equity ratio over 3 years suggests increasing financial leverage risk,75.0
DLF,con,CON_9,Earnings per share declining for 3 consecutive years reflects deteriorating profitability,75.0
DLF,con,CON_10,Return on capital employed below 10% suggests the business is not generating sufficient returns on invested capital,85.65
DLF,con,CON_12,Revenue growing at below 5% over 5 years lags inflation and suggests limited business momentum,96.45
DABUR,pro,PRO_2,Strong free cash flow generation over 5 years signals healthy business fundamentals,100.0
DABUR,pro,PRO_7,Very high interest coverage ratio reflects negligible financial stress from debt servicing,100.0
DABUR,pro,PRO_8,Consistent dividend yield above 2% backed by positive free cash flow,96.38
DABUR,con,CON_3,Operating margins declining for 3 consecutive years suggest pricing or cost pressure,75.0
DABUR,con,CON_5,Revenue contraction over 2 consecutive years indicates demand weakness or market share loss,75.0
DABUR,con,CON_8,Rising debt-to-equity ratio over 3 years suggests increasing financial leverage risk,75.0
DABUR,con,CON_12,Revenue growing at below 5% over 5 years lags inflation and suggests limited business momentum,99.86
DIVISLAB,pro,PRO_5,Operating profit margin above 25% indicates strong pricing power and cost discipline,78.0
DIVISLAB,pro,PRO_7,Very high interest coverage ratio reflects negligible financial stress from debt servicing,100.0
DIVISLAB,pro,PRO_10,Return on equity improving for 3 consecutive years shows strengthening business quality,69.74
DIVISLAB,pro,PRO_11,Revenue growing slower than profits shows improving operating leverage and scale benefits,66.09
DIVISLAB,pro,PRO_12,Growing asset base funded by internal accruals reflects self-sustaining growth,85.0
DIVISLAB,con,CON_3,Operating margins declining for 3 consecutive years suggest pricing or cost pressure,75.0
DIVISLAB,con,CON_5,Revenue contraction over 2 consecutive years indicates demand weakness or market share loss,75.0
DIVISLAB,con,CON_8,Rising debt-to-equity ratio over 3 years suggests increasing financial leverage risk,75.0
DIVISLAB,con,CON_9,Earnings per share declining for 3 consecutive years reflects deteriorating profitability,75.0
DIVISLAB,con,CON_12,Revenue growing at below 5% over 5 years lags inflation and suggests limited business momentum,96.12
DRREDDY,pro,PRO_2,Strong free cash flow generation over 5 years signals healthy business fundamentals,100.0
DRREDDY,pro,PRO_5,Operating profit margin above 25% indicates strong pricing power and cost discipline,78.0
DRREDDY,pro,PRO_7,Very high interest coverage ratio reflects negligible financial stress from debt servicing,100.0
DRREDDY,pro,PRO_10,Return on equity improving for 3 consecutive years shows strengthening business quality,79.67
DRREDDY,con,CON_3,Operating margins declining for 3 consecutive years suggest pricing or cost pressure,75.0
DRREDDY,con,CON_5,Revenue contraction over 2 consecutive years indicates demand weakness or market share loss,75.0
DRREDDY,con,CON_8,Rising debt-to-equity ratio over 3 years suggests increasing financial leverage risk,75.0
DRREDDY,con,CON_9,Earnings per share declining for 3 consecutive years reflects deteriorating profitability,75.0
DRREDDY,con,CON_12,Revenue growing at below 5% over 5 years lags inflation and suggests limited business momentum,95.49
EICHERMOT,pro,PRO_2,Strong free cash flow generation over 5 years signals healthy business fundamentals,100.0
EICHERMOT,pro,PRO_5,Operating profit margin above 25% indicates strong pricing power and cost discipline,76.0
EICHERMOT,pro,PRO_7,Very high interest coverage ratio reflects negligible financial stress from debt servicing,100.0
EICHERMOT,pro,PRO_8,Consistent dividend yield above 2% backed by positive free cash flow,100.0
EICHERMOT,pro,PRO_10,Return on equity improving for 3 consecutive years shows strengthening business quality,82.71
EICHERMOT,pro,PRO_11,Revenue growing slower than profits shows improving operating leverage and scale benefits,65.79
EICHERMOT,con,CON_3,Operating margins declining for 3 consecutive years suggest pricing or cost pressure,75.0
EICHERMOT,con,CON_5,Revenue contraction over 2 consecutive years indicates demand weakness or market share loss,75.0
EICHERMOT,con,CON_8,Rising debt-to-equity ratio over 3 years suggests increasing financial leverage risk,75.0
EICHERMOT,con,CON_9,Earnings per share declining for 3 consecutive years reflects deteriorating profitability,75.0
EICHERMOT,con,CON_12,Revenue growing at below 5% over 5 years lags inflation and suggests limited business momentum,98.63
GAIL,pro,PRO_7,Very high interest coverage ratio reflects negligible financial stress from debt servicing,100.0
GAIL,pro,PRO_10,Return on equity improving for 3 consecutive years shows strengthening business quality,71.08
GAIL,pro,PRO_11,Revenue growing slower than profits shows improving operating leverage and scale benefits,68.27
GAIL,con,CON_3,Operating margins declining for 3 consecutive years suggest pricing or cost pressure,75.0
GAIL,con,CON_5,Revenue contraction over 2 consecutive years indicates demand weakness or market share loss,75.0
GAIL,con,CON_8,Rising debt-to-equity ratio over 3 years suggests increasing financial leverage risk,75.0
GAIL,con,CON_9,Earnings per share declining for 3 consecutive years reflects deteriorating profitability,75.0
GAIL,con,CON_12,Revenue growing at below 5% over 5 years lags inflation and suggests limited business momentum,99.12
GODREJCP,pro,PRO_10,Return on equity improving for 3 consecutive years shows strengthening business quality,60.56
GODREJCP,con,CON_3,Operating margins declining for 3 consecutive years suggest pricing or cost pressure,75.0
GODREJCP,con,CON_4,Company reported a net loss in the most recent financial year,75.0
GODREJCP,con,CON_5,Revenue contraction over 2 consecutive years indicates demand weakness or market share loss,75.0
GODREJCP,con,CON_8,Rising debt-to-equity ratio over 3 years suggests increasing financial leverage risk,75.0
GODREJCP,con,CON_12,Revenue growing at below 5% over 5 years lags inflation and suggests limited business momentum,99.83
GRASIM,pro,PRO_10,Return on equity improving for 3 consecutive years shows strengthening business quality,69.0
GRASIM,con,CON_2,Free cash flow negative for 3 consecutive years raises concern about cash generation quality,85.0
GRASIM,con,CON_3,Operating margins declining for 3 consecutive years suggest pricing or cost pressure,75.0
GRASIM,con,CON_5,Revenue contraction over 2 consecutive years indicates demand weakness or market share loss,75.0
GRASIM,con,CON_8,Rising debt-to-equity ratio over 3 years suggests increasing financial leverage risk,75.0
GRASIM,con,CON_9,Earnings per share declining for 3 consecutive years reflects deteriorating profitability,75.0
GRASIM,con,CON_10,Return on capital employed below 10% suggests the business is not generating sufficient returns on invested capital,76.75
GRASIM,con,CON_12,Revenue growing at below 5% over 5 years lags inflation and suggests limited business momentum,98.1
HCLTECH,pro,PRO_1,Consistently high return on equity above 20% demonstrates exceptional capital efficiency,78.76
HCLTECH,pro,PRO_2,Strong free cash flow generation over 5 years signals healthy business fundamentals,100.0
HCLTECH,pro,PRO_7,Very high interest coverage ratio reflects negligible financial stress from debt servicing,100.0
HCLTECH,pro,PRO_10,Return on equity improving for 3 consecutive years shows strengthening business quality,83.76
HCLTECH,pro,PRO_11,Revenue growing slower than profits shows improving operating leverage and scale benefits,65.89
HCLTECH,con,CON_3,Operating margins declining for 3 consecutive years suggest pricing or cost pressure,75.0
HCLTECH,con,CON_5,Revenue contraction over 2 consecutive years indicates demand weakness or market share loss,75.0
HCLTECH,con,CON_8,Rising debt-to-equity ratio over 3 years suggests increasing financial leverage risk,75.0
HCLTECH,con,CON_12,Revenue growing at below 5% over 5 years lags inflation and suggests limited business momentum,98.01
HDFCBANK,pro,PRO_8,Consistent dividend yield above 2% backed by positive free cash flow,100.0
HDFCBANK,pro,PRO_10,Return on equity improving for 3 consecutive years shows strengthening business quality,72.92
HDFCBANK,con,CON_5,Revenue contraction over 2 consecutive years indicates demand weakness or market share loss,75.0
HDFCBANK,con,CON_6,Interest coverage ratio below 1.5x indicates the company is at risk of not meeting its debt obligations,76.65
HDFCBANK,con,CON_8,Rising debt-to-equity ratio over 3 years suggests increasing financial leverage risk,75.0
HDFCBANK,con,CON_10,Return on capital employed below 10% suggests the business is not generating sufficient returns on invested capital,80.83
HDFCBANK,con,CON_11,Net debt exceeding 3 times EBITDA is a high leverage ratio and limits financial flexibility,100.0
HDFCBANK,con,CON_12,Revenue growing at below 5% over 5 years lags inflation and suggests limited business momentum,93.86
HDFCLIFE,pro,PRO_5,Operating profit margin above 25% indicates strong pricing power and cost discipline,100.0
HDFCLIFE,pro,PRO_7,Very high interest coverage ratio reflects negligible financial stress from debt servicing,100.0
HDFCLIFE,pro,PRO_10,Return on equity improving for 3 consecutive years shows strengthening business quality,68.41
HDFCLIFE,pro,PRO_11,Revenue growing slower than profits shows improving operating leverage and scale benefits,67.77
HDFCLIFE,con,CON_2,Free cash flow negative for 3 consecutive years raises concern about cash generation quality,85.0
HDFCLIFE,con,CON_5,Revenue contraction over 2 consecutive years indicates demand weakness or market share loss,75.0
HDFCLIFE,con,CON_10,Return on capital employed below 10% suggests the business is not generating sufficient returns on invested capital,83.47
HDFCLIFE,con,CON_12,Revenue growing at below 5% over 5 years lags inflation and suggests limited business momentum,99.71
HAVELLS,pro,PRO_7,Very high interest coverage ratio reflects negligible financial stress from debt servicing,100.0
HAVELLS,pro,PRO_8,Consistent dividend yield above 2% backed by positive free cash flow,91.25
HAVELLS,pro,PRO_10,Return on equity improving for 3 consecutive years shows strengthening business quality,76.34
HAVELLS,con,CON_3,Operating margins declining for 3 consecutive years suggest pricing or cost pressure,75.0
HAVELLS,con,CON_5,Revenue contraction over 2 consecutive years indicates demand weakness or market share loss,75.0
HAVELLS,con,CON_8,Rising debt-to-equity ratio over 3 years suggests increasing financial leverage risk,75.0
HAVELLS,con,CON_9,Earnings per share declining for 3 consecutive years reflects deteriorating profitability,75.0
HAVELLS,con,CON_12,Revenue growing at below 5% over 5 years lags inflation and suggests limited business momentum,95.59
HEROMOTOCO,pro,PRO_2,Strong free cash flow generation over 5 years signals healthy business fundamentals,100.0
HEROMOTOCO,pro,PRO_5,Operating profit margin above 25% indicates strong pricing power and cost discipline,100.0
HEROMOTOCO,pro,PRO_7,Very high interest coverage ratio reflects negligible financial stress from debt servicing,100.0
HEROMOTOCO,pro,PRO_10,Return on equity improving for 3 consecutive years shows strengthening business quality,81.42
HEROMOTOCO,pro,PRO_11,Revenue growing slower than profits shows improving operating leverage and scale benefits,66.09
HEROMOTOCO,con,CON_3,Operating margins declining for 3 consecutive years suggest pricing or cost pressure,75.0
HEROMOTOCO,con,CON_5,Revenue contraction over 2 consecutive years indicates demand weakness or market share loss,75.0
HEROMOTOCO,con,CON_8,Rising debt-to-equity ratio over 3 years suggests increasing financial leverage risk,75.0
HEROMOTOCO,con,CON_9,Earnings per share declining for 3 consecutive years reflects deteriorating profitability,75.0
HEROMOTOCO,con,CON_12,Revenue growing at below 5% over 5 years lags inflation and suggests limited business momentum,97.31
HINDALCO,pro,PRO_5,Operating profit margin above 25% indicates strong pricing power and cost discipline,100.0
HINDALCO,pro,PRO_7,Very high interest coverage ratio reflects negligible financial stress from debt servicing,100.0
HINDALCO,pro,PRO_10,Return on equity improving for 3 consecutive years shows strengthening business quality,66.96
HINDALCO,pro,PRO_11,Revenue growing slower than profits shows improving operating leverage and scale benefits,69.21
HINDALCO,pro,PRO_12,Growing asset base funded by internal accruals reflects self-sustaining growth,85.0
HINDALCO,con,CON_3,Operating margins declining for 3 consecutive years suggest pricing or cost pressure,75.0
HINDALCO,con,CON_5,Revenue contraction over 2 consecutive years indicates demand weakness or market share loss,75.0
HINDALCO,con,CON_9,Earnings per share declining for 3 consecutive years reflects deteriorating profitability,75.0
HINDALCO,con,CON_12,Revenue growing at below 5% over 5 years lags inflation and suggests limited business momentum,98.48
HAL,pro,PRO_1,Consistently high return on equity above 20% demonstrates exceptional capital efficiency,100.0
HAL,pro,PRO_5,Operating profit margin above 25% indicates strong pricing power and cost discipline,82.0
HAL,pro,PRO_7,Very high interest coverage ratio reflects negligible financial stress from debt servicing,100.0
HAL,pro,PRO_8,Consistent dividend yield above 2% backed by positive free cash flow,92.31
HAL,pro,PRO_10,Return on equity improving for 3 consecutive years shows strengthening business quality,100.0
HAL,pro,PRO_11,Revenue growing slower than profits shows improving operating leverage and scale benefits,67.09
HAL,con,CON_5,Revenue contraction over 2 consecutive years indicates demand weakness or market share loss,75.0
HAL,con,CON_8,Rising debt-to-equity ratio over 3 years suggests increasing financial leverage risk,75.0
HAL,con,CON_9,Earnings per share declining for 3 consecutive years reflects deteriorating profitability,75.0
HAL,con,CON_12,Revenue growing at below 5% over 5 years lags inflation and suggests limited business momentum,98.95
HINDUNILVR,pro,PRO_1,Consistently high return on equity above 20% demonstrates exceptional capital efficiency,75.09
HINDUNILVR,pro,PRO_2,Strong free cash flow generation over 5 years signals healthy business fundamentals,100.0
HINDUNILVR,pro,PRO_5,Operating profit margin above 25% indicates strong pricing power and cost discipline,100.0
HINDUNILVR,pro,PRO_7,Very high interest coverage ratio reflects negligible financial stress from debt servicing,100.0
HINDUNILVR,pro,PRO_8,Consistent dividend yield above 2% backed by positive free cash flow,100.0
HINDUNILVR,pro,PRO_10,Return on equity improving for 3 consecutive years shows strengthening business quality,80.09
HINDUNILVR,pro,PRO_11,Revenue growing slower than profits shows improving operating leverage and scale benefits,65.82
HINDUNILVR,con,CON_3,Operating margins declining for 3 consecutive years suggest pricing or cost pressure,75.0
HINDUNILVR,con,CON_5,Revenue contraction over 2 consecutive years indicates demand weakness or market share loss,75.0
HINDUNILVR,con,CON_8,Rising debt-to-equity ratio over 3 years suggests increasing financial leverage risk,75.0
HINDUNILVR,con,CON_12,Revenue growing at below 5% over 5 years lags inflation and suggests limited business momentum,99.49
ICICIBANK,pro,PRO_8,Consistent dividend yield above 2% backed by positive free cash flow,96.44
ICICIBANK,pro,PRO_10,Return on equity improving for 3 consecutive years shows strengthening business quality,77.49
ICICIBANK,pro,PRO_11,Revenue growing slower than profits shows improving operating leverage and scale benefits,65.12
ICICIBANK,con,CON_3,Operating margins declining for 3 consecutive years suggest pricing or cost pressure,75.0
ICICIBANK,con,CON_5,Revenue contraction over 2 consecutive years indicates demand weakness or market share loss,75.0
ICICIBANK,con,CON_6,Interest coverage ratio below 1.5x indicates the company is at risk of not meeting its debt obligations,78.32
ICICIBANK,con,CON_8,Rising debt-to-equity ratio over 3 years suggests increasing financial leverage risk,75.0
ICICIBANK,con,CON_9,Earnings per share declining for 3 consecutive years reflects deteriorating profitability,75.0
ICICIBANK,con,CON_10,Return on capital employed below 10% suggests the business is not generating sufficient returns on invested capital,81.0
ICICIBANK,con,CON_11,Net debt exceeding 3 times EBITDA is a high leverage ratio and limits financial flexibility,100.0
ICICIBANK,con,CON_12,Revenue growing at below 5% over 5 years lags inflation and suggests limited business momentum,94.87
ICICIGI,pro,PRO_2,Strong free cash flow generation over 5 years signals healthy business fundamentals,100.0
ICICIGI,pro,PRO_5,Operating profit margin above 25% indicates strong pricing power and cost discipline,100.0
ICICIGI,pro,PRO_7,Very high interest coverage ratio reflects negligible financial stress from debt servicing,100.0
ICICIGI,pro,PRO_8,Consistent dividend yield above 2% backed by positive free cash flow,96.62
ICICIGI,pro,PRO_10,Return on equity improving for 3 consecutive years shows strengthening business quality,74.65
ICICIGI,pro,PRO_11,Revenue growing slower than profits shows improving operating leverage and scale benefits,68.51
ICICIGI,con,CON_3,Operating margins declining for 3 consecutive years suggest pricing or cost pressure,75.0
ICICIGI,con,CON_5,Revenue contraction over 2 consecutive years indicates demand weakness or market share loss,75.0
ICICIGI,con,CON_12,Revenue growing at below 5% over 5 years lags inflation and suggests limited business momentum,94.67
ICICIPRULI,pro,PRO_7,Very high interest coverage ratio reflects negligible financial stress from debt servicing,100.0
ICICIPRULI,pro,PRO_11,Revenue growing slower than profits shows improving operating leverage and scale benefits,72.18
ICICIPRULI,con,CON_3,Operating margins declining for 3 consecutive years suggest pricing or cost pressure,75.0
ICICIPRULI,con,CON_5,Revenue contraction over 2 consecutive years indicates demand weakness or market share loss,75.0
ICICIPRULI,con,CON_9,Earnings per share declining for 3 consecutive years reflects deteriorating profitability,75.0
ICICIPRULI,con,CON_10,Return on capital employed below 10% suggests the business is not generating sufficient returns on invested capital,78.12
ICICIPRULI,con,CON_12,Revenue growing at below 5% over 5 years lags inflation and suggests limited business momentum,93.63
ITC,pro,PRO_1,Consistently high return on equity above 20% demonstrates exceptional capital efficiency,84.81
ITC,pro,PRO_2,Strong free cash flow generation over 5 years signals healthy business fundamentals,100.0
ITC,pro,PRO_5,Operating profit margin above 25% indicates strong pricing power and cost discipline,87.0
ITC,pro,PRO_7,Very high interest coverage ratio reflects negligible financial stress from debt servicing,100.0
ITC,pro,PRO_8,Consistent dividend yield above 2% backed by positive free cash flow,100.0
ITC,pro,PRO_10,Return on equity improving for 3 consecutive years shows strengthening business quality,89.81
ITC,pro,PRO_12,Growing asset base funded by internal accruals reflects self-sustaining growth,85.0
ITC,con,CON_3,Operating margins declining for 3 consecutive years suggest pricing or cost pressure,75.0
ITC,con,CON_5,Revenue contraction over 2 consecutive years indicates demand weakness or market share loss,75.0
ITC,con,CON_8,Rising debt-to-equity ratio over 3 years suggests increasing financial leverage risk,75.0
ITC,con,CON_12,Revenue growing at below 5% over 5 years lags inflation and suggests limited business momentum,97.57
IOC,pro,PRO_2,Strong free cash flow generation over 5 years signals healthy business fundamentals,100.0
IOC,pro,PRO_7,Very high interest coverage ratio reflects negligible financial stress from debt servicing,75.71
IOC,pro,PRO_10,Return on equity improving for 3 consecutive years shows strengthening business quality,84.41
IOC,pro,PRO_12,Growing asset base funded by internal accruals reflects self-sustaining growth,85.0
IOC,con,CON_3,Operating margins declining for 3 consecutive years suggest pricing or cost pressure,75.0
IOC,con,CON_5,Revenue contraction over 2 consecutive years indicates demand weakness or market share loss,75.0
IOC,con,CON_8,Rising debt-to-equity ratio over 3 years suggests increasing financial leverage risk,75.0
IOC,con,CON_9,Earnings per share declining for 3 consecutive years reflects deteriorating profitability,75.0
IOC,con,CON_12,Revenue growing at below 5% over 5 years lags inflation and suggests limited business momentum,99.19
IRCTC,pro,PRO_1,Consistently high return on equity above 20% demonstrates exceptional capital efficiency,93.0
IRCTC,pro,PRO_5,Operating profit margin above 25% indicates strong pricing power and cost discipline,84.0
IRCTC,pro,PRO_7,Very high interest coverage ratio reflects negligible financial stress from debt servicing,100.0
IRCTC,pro,PRO_10,Return on equity improving for 3 consecutive years shows strengthening business quality,98.0
IRCTC,pro,PRO_11,Revenue growing slower than profits shows improving operating leverage and scale benefits,66.03
IRCTC,pro,PRO_12,Growing asset base funded by internal accruals reflects self-sustaining growth,85.0
IRCTC,con,CON_3,Operating margins declining for 3 consecutive years suggest pricing or cost pressure,75.0
IRCTC,con,CON_5,Revenue contraction over 2 consecutive years indicates demand weakness or market share loss,75.0
IRCTC,con,CON_8,Rising debt-to-equity ratio over 3 years suggests increasing financial leverage risk,75.0
IRCTC,con,CON_12,Revenue growing at below 5% over 5 years lags inflation and suggests limited business momentum,97.88
IRFC,pro,PRO_5,Operating profit margin above 25% indicates strong pricing power and cost discipline,100.0
IRFC,pro,PRO_8,Consistent dividend yield above 2% backed by positive free cash flow,92.62
IRFC,pro,PRO_10,Return on equity improving for 3 consecutive years shows strengthening business quality,71.3
IRFC,pro,PRO_11,Revenue growing slower than profits shows improving operating leverage and scale benefits,65.24
IRFC,con,CON_3,Operating margins declining for 3 consecutive years suggest pricing or cost pressure,75.0
IRFC,con,CON_5,Revenue contraction over 2 consecutive years indicates demand weakness or market share loss,75.0
IRFC,con,CON_6,Interest coverage ratio below 1.5x indicates the company is at risk of not meeting its debt obligations,78.01
IRFC,con,CON_8,Rising debt-to-equity ratio over 3 years suggests increasing financial leverage risk,75.0
IRFC,con,CON_9,Earnings per share declining for 3 consecutive years reflects deteriorating profitability,75.0
IRFC,con,CON_10,Return on capital employed below 10% suggests the business is not generating sufficient returns on invested capital,85.67
IRFC,con,CON_11,Net debt exceeding 3 times EBITDA is a high leverage ratio and limits financial flexibility,100.0
IRFC,con,CON_12,Revenue growing at below 5% over 5 years lags inflation and suggests limited business momentum,99.6
INDUSINDBK,pro,PRO_5,Operating profit margin above 25% indicates strong pricing power and cost discipline,100.0
INDUSINDBK,pro,PRO_10,Return on equity improving for 3 consecutive years shows strengthening business quality,72.81
INDUSINDBK,con,CON_2,Free cash flow negative for 3 consecutive years raises concern about cash generation quality,85.0
INDUSINDBK,con,CON_3,Operating margins declining for 3 consecutive years suggest pricing or cost pressure,75.0
INDUSINDBK,con,CON_5,Revenue contraction over 2 consecutive years indicates demand weakness or market share loss,75.0
INDUSINDBK,con,CON_8,Rising debt-to-equity ratio over 3 years suggests increasing financial leverage risk,75.0
INDUSINDBK,con,CON_10,Return on capital employed below 10% suggests the business is not generating sufficient returns on invested capital,80.18
INDUSINDBK,con,CON_11,Net debt exceeding 3 times EBITDA is a high leverage ratio and limits financial flexibility,100.0
INDUSINDBK,con,CON_12,Revenue growing at below 5% over 5 years lags inflation and suggests limited business momentum,97.14
NAUKRI,pro,PRO_5,Operating profit margin above 25% indicates strong pricing power and cost discipline,78.0
NAUKRI,pro,PRO_7,Very high interest coverage ratio reflects negligible financial stress from debt servicing,100.0
NAUKRI,con,CON_3,Operating margins declining for 3 consecutive years suggest pricing or cost pressure,75.0
NAUKRI,con,CON_5,Revenue contraction over 2 consecutive years indicates demand weakness or market share loss,75.0
NAUKRI,con,CON_8,Rising debt-to-equity ratio over 3 years suggests increasing financial leverage risk,75.0
NAUKRI,con,CON_10,Return on capital employed below 10% suggests the business is not generating sufficient returns on invested capital,90.88
NAUKRI,con,CON_12,Revenue growing at below 5% over 5 years lags inflation and suggests limited business momentum,97.98
INFY,pro,PRO_1,Consistently high return on equity above 20% demonstrates exceptional capital efficiency,87.24
INFY,pro,PRO_2,Strong free cash flow generation over 5 years signals healthy business fundamentals,100.0
INFY,pro,PRO_7,Very high interest coverage ratio reflects negligible financial stress from debt servicing,100.0
INFY,pro,PRO_8,Consistent dividend yield above 2% backed by positive free cash flow,100.0
INFY,pro,PRO_10,Return on equity improving for 3 consecutive years shows strengthening business quality,92.24
INFY,pro,PRO_11,Revenue growing slower than profits shows improving operating leverage and scale benefits,65.33
INFY,con,CON_3,Operating margins declining for 3 consecutive years suggest pricing or cost pressure,75.0
INFY,con,CON_5,Revenue contraction over 2 consecutive years indicates demand weakness or market share loss,75.0
INFY,con,CON_8,Rising debt-to-equity ratio over 3 years suggests increasing financial leverage risk,75.0
INFY,con,CON_12,Revenue growing at below 5% over 5 years lags inflation and suggests limited business momentum,98.32
INDIGO,pro,PRO_2,Strong free cash flow generation over 5 years signals healthy business fundamentals,100.0
INDIGO,pro,PRO_5,Operating profit margin above 25% indicates strong pricing power and cost discipline,100.0
INDIGO,pro,PRO_7,Very high interest coverage ratio reflects negligible financial stress from debt servicing,100.0
INDIGO,pro,PRO_8,Consistent dividend yield above 2% backed by positive free cash flow,100.0
INDIGO,pro,PRO_10,Return on equity improving for 3 consecutive years shows strengthening business quality,100.0
INDIGO,con,CON_3,Operating margins declining for 3 consecutive years suggest pricing or cost pressure,75.0
INDIGO,con,CON_5,Revenue contraction over 2 consecutive years indicates demand weakness or market share loss,75.0
INDIGO,con,CON_8,Rising debt-to-equity ratio over 3 years suggests increasing financial leverage risk,75.0
INDIGO,con,CON_9,Earnings per share declining for 3 consecutive years reflects deteriorating profitability,75.0
INDIGO,con,CON_12,Revenue growing at below 5% over 5 years lags inflation and suggests limited business momentum,95.67
JSWENERGY,pro,PRO_5,Operating profit margin above 25% indicates strong pricing power and cost discipline,97.0
JSWENERGY,pro,PRO_10,Return on equity improving for 3 consecutive years shows strengthening business quality,65.35
JSWENERGY,pro,PRO_11,Revenue growing slower than profits shows improving operating leverage and scale benefits,68.68
JSWENERGY,con,CON_2,Free cash flow negative for 3 consecutive years raises concern about cash generation quality,85.0
JSWENERGY,con,CON_3,Operating margins declining for 3 consecutive years suggest pricing or cost pressure,75.0
JSWENERGY,con,CON_5,Revenue contraction over 2 consecutive years indicates demand weakness or market share loss,75.0
JSWENERGY,con,CON_8,Rising debt-to-equity ratio over 3 years suggests increasing financial leverage risk,75.0
JSWENERGY,con,CON_9,Earnings per share declining for 3 consecutive years reflects deteriorating profitability,75.0
JSWENERGY,con,CON_10,Return on capital employed below 10% suggests the business is not generating sufficient returns on invested capital,78.53
JSWENERGY,con,CON_11,Net debt exceeding 3 times EBITDA is a high leverage ratio and limits financial flexibility,79.15
JSWENERGY,con,CON_12,Revenue growing at below 5% over 5 years lags inflation and suggests limited business momentum,99.75
JSWSTEEL,pro,PRO_10,Return on equity improving for 3 consecutive years shows strengthening business quality,69.44
JSWSTEEL,con,CON_3,Operating margins declining for 3 consecutive years suggest pricing or cost pressure,75.0
JSWSTEEL,con,CON_5,Revenue contraction over 2 consecutive years indicates demand weakness or market share loss,75.0
JSWSTEEL,con,CON_8,Rising debt-to-equity ratio over 3 years suggests increasing financial leverage risk,75.0
JSWSTEEL,con,CON_9,Earnings per share declining for 3 consecutive years reflects deteriorating profitability,75.0
JSWSTEEL,con,CON_12,Revenue growing at below 5% over 5 years lags inflation and suggests limited business momentum,98.86
JINDALSTEL,pro,PRO_10,Return on equity improving for 3 consecutive years shows strengthening business quality,71.76
JINDALSTEL,con,CON_3,Operating margins declining for 3 consecutive years suggest pricing or cost pressure,75.0
JINDALSTEL,con,CON_5,Revenue contraction over 2 consecutive years indicates demand weakness or market share loss,75.0
JINDALSTEL,con,CON_8,Rising debt-to-equity ratio over 3 years suggests increasing financial leverage risk,75.0
JINDALSTEL,con,CON_9,Earnings per share declining for 3 consecutive years reflects deteriorating profitability,75.0
JINDALSTEL,con,CON_12,Revenue growing at below 5% over 5 years lags inflation and suggests limited business momentum,99.72
JIOFIN,pro,PRO_3,Debt-free balance sheet provides financial flexibility and eliminates interest burden,75.0
JIOFIN,pro,PRO_5,Operating profit margin above 25% indicates strong pricing power and cost discipline,100.0
JIOFIN,pro,PRO_7,Very high interest coverage ratio reflects negligible financial stress from debt servicing,100.0
JIOFIN,pro,PRO_8,Consistent dividend yield above 2% backed by positive free cash flow,94.31
JIOFIN,pro,PRO_12,Growing asset base funded by internal accruals reflects self-sustaining growth,85.0
JIOFIN,con,CON_3,Operating margins declining for 3 consecutive years suggest pricing or cost pressure,75.0
JIOFIN,con,CON_5,Revenue contraction over 2 consecutive years indicates demand weakness or market share loss,75.0
JIOFIN,con,CON_10,Return on capital employed below 10% suggests the business is not generating sufficient returns on invested capital,94.6
JIOFIN,con,CON_12,Revenue growing at below 5% over 5 years lags inflation and suggests limited business momentum,75.43
KOTAKBANK,pro,PRO_10,Return on equity improving for 3 consecutive years shows strengthening business quality,72.51
KOTAKBANK,pro,PRO_11,Revenue growing slower than profits shows improving operating leverage and scale benefits,67.04
KOTAKBANK,con,CON_5,Revenue contraction over 2 consecutive years indicates demand weakness or market share loss,75.0
KOTAKBANK,con,CON_6,Interest coverage ratio below 1.5x indicates the company is at risk of not meeting its debt obligations,79.39
KOTAKBANK,con,CON_8,Rising debt-to-equity ratio over 3 years suggests increasing financial leverage risk,75.0
KOTAKBANK,con,CON_10,Return on capital employed below 10% suggests the business is not generating sufficient returns on invested capital,80.35
KOTAKBANK,con,CON_11,Net debt exceeding 3 times EBITDA is a high leverage ratio and limits financial flexibility,97.71
KOTAKBANK,con,CON_12,Revenue growing at below 5% over 5 years lags inflation and suggests limited business momentum,94.61
LTIM,pro,PRO_1,Consistently high return on equity above 20% demonstrates exceptional capital efficiency,78.62
LTIM,pro,PRO_2,Strong free cash flow generation over 5 years signals healthy business fundamentals,100.0
LTIM,pro,PRO_7,Very high interest coverage ratio reflects negligible financial stress from debt servicing,100.0
LTIM,pro,PRO_8,Consistent dividend yield above 2% backed by positive free cash flow,100.0
LTIM,con,CON_3,Operating margins declining for 3 consecutive years suggest pricing or cost pressure,75.0
LTIM,con,CON_5,Revenue contraction over 2 consecutive years indicates demand weakness or market share loss,75.0
LTIM,con,CON_8,Rising debt-to-equity ratio over 3 years suggests increasing financial leverage risk,75.0
LTIM,con,CON_9,Earnings per share declining for 3 consecutive years reflects deteriorating profitability,75.0
LTIM,con,CON_12,Revenue growing at below 5% over 5 years lags inflation and suggests limited business momentum,98.15
LT,pro,PRO_1,Consistently high return on equity above 20% demonstrates exceptional capital efficiency,100.0
LT,pro,PRO_2,Strong free cash flow generation over 5 years signals healthy business fundamentals,100.0
LT,pro,PRO_10,Return on equity improving for 3 consecutive years shows strengthening business quality,100.0
LT,con,CON_3,Operating margins declining for 3 consecutive years suggest pricing or cost pressure,75.0
LT,con,CON_5,Revenue contraction over 2 consecutive years indicates demand weakness or market share loss,75.0
LT,con,CON_8,Rising debt-to-equity ratio over 3 years suggests increasing financial leverage risk,75.0
LT,con,CON_9,Earnings per share declining for 3 consecutive years reflects deteriorating profitability,75.0
LT,con,CON_12,Revenue growing at below 5% over 5 years lags inflation and suggests limited business momentum,96.79
LICI,pro,PRO_1,Consistently high return on equity above 20% demonstrates exceptional capital efficiency,100.0
LICI,pro,PRO_2,Strong free cash flow generation over 5 years signals healthy business fundamentals,100.0
LICI,pro,PRO_3,Debt-free balance sheet provides financial flexibility and eliminates interest burden,75.0
LICI,pro,PRO_7,Very high interest coverage ratio reflects negligible financial stress from debt servicing,100.0
LICI,pro,PRO_8,Consistent dividend yield above 2% backed by positive free cash flow,98.56
LICI,pro,PRO_9,Earnings per share growing above 15% CAGR indicates strong earnings quality and compounding,95.0
LICI,con,CON_5,Revenue contraction over 2 consecutive years indicates demand weakness or market share loss,75.0
LICI,con,CON_12,Revenue growing at below 5% over 5 years lags inflation and suggests limited business momentum,95.22
LODHA,pro,PRO_5,Operating profit margin above 25% indicates strong pricing power and cost discipline,76.0
LODHA,pro,PRO_10,Return on equity improving for 3 consecutive years shows strengthening business quality,66.12
LODHA,pro,PRO_11,Revenue growing slower than profits shows improving operating leverage and scale benefits,69.98
LODHA,pro,PRO_12,Growing asset base funded by internal accruals reflects self-sustaining growth,85.0
LODHA,con,CON_3,Operating margins declining for 3 consecutive years suggest pricing or cost pressure,75.0
LODHA,con,CON_5,Revenue contraction over 2 consecutive years indicates demand weakness or market share loss,75.0
LODHA,con,CON_8,Rising debt-to-equity ratio over 3 years suggests increasing financial leverage risk,75.0
LODHA,con,CON_9,Earnings per share declining for 3 consecutive years reflects deteriorating profitability,75.0
LODHA,con,CON_12,Revenue growing at below 5% over 5 years lags inflation and suggests limited business momentum,88.69
M&M,pro,PRO_10,Return on equity improving for 3 consecutive years shows strengthening business quality,78.17
M&M,pro,PRO_11,Revenue growing slower than profits shows improving operating leverage and scale benefits,65.26
M&M,con,CON_2,Free cash flow negative for 3 consecutive years raises concern about cash generation quality,85.0
M&M,con,CON_5,Revenue contraction over 2 consecutive years indicates demand weakness or market share loss,75.0
M&M,con,CON_8,Rising debt-to-equity ratio over 3 years suggests increasing financial leverage risk,75.0
M&M,con,CON_9,Earnings per share declining for 3 consecutive years reflects deteriorating profitability,75.0
M&M,con,CON_12,Revenue growing at below 5% over 5 years lags inflation and suggests limited business momentum,98.01
MARUTI,pro,PRO_2,Strong free cash flow generation over 5 years signals healthy business fundamentals,100.0
MARUTI,pro,PRO_7,Very high interest coverage ratio reflects negligible financial stress from debt servicing,100.0
MARUTI,pro,PRO_10,Return on equity improving for 3 consecutive years shows strengthening business quality,74.69
MARUTI,pro,PRO_11,Revenue growing slower than profits shows improving operating leverage and scale benefits,65.38
MARUTI,pro,PRO_12,Growing asset base funded by internal accruals reflects self-sustaining growth,85.0
MARUTI,con,CON_3,Operating margins declining for 3 consecutive years suggest pricing or cost pressure,75.0
MARUTI,con,CON_5,Revenue contraction over 2 consecutive years indicates demand weakness or market share loss,75.0
MARUTI,con,CON_8,Rising debt-to-equity ratio over 3 years suggests increasing financial leverage risk,75.0
MARUTI,con,CON_9,Earnings per share declining for 3 consecutive years reflects deteriorating profitability,75.0
MARUTI,con,CON_12,Revenue growing at below 5% over 5 years lags inflation and suggests limited business momentum,99.03
NHPC,pro,PRO_2,Strong free cash flow generation over 5 years signals healthy business fundamentals,100.0
NHPC,pro,PRO_5,Operating profit margin above 25% indicates strong pricing power and cost discipline,100.0
NHPC,pro,PRO_7,Very high interest coverage ratio reflects negligible financial stress from debt servicing,78.11
NHPC,pro,PRO_10,Return on equity improving for 3 consecutive years shows strengthening business quality,68.01
NHPC,con,CON_3,Operating margins declining for 3 consecutive years suggest pricing or cost pressure,75.0
NHPC,con,CON_5,Revenue contraction over 2 consecutive years indicates demand weakness or market share loss,75.0
NHPC,con,CON_8,Rising debt-to-equity ratio over 3 years suggests increasing financial leverage risk,75.0
NHPC,con,CON_9,Earnings per share declining for 3 consecutive years reflects deteriorating profitability,75.0
NHPC,con,CON_10,Return on capital employed below 10% suggests the business is not generating sufficient returns on invested capital,80.83
NHPC,con,CON_11,Net debt exceeding 3 times EBITDA is a high leverage ratio and limits financial flexibility,94.63
NHPC,con,CON_12,Revenue growing at below 5% over 5 years lags inflation and suggests limited business momentum,99.75
NTPC,pro,PRO_2,Strong free cash flow generation over 5 years signals healthy business fundamentals,100.0
NTPC,pro,PRO_5,Operating profit margin above 25% indicates strong pricing power and cost discipline,79.0
NTPC,pro,PRO_10,Return on equity improving for 3 consecutive years shows strengthening business quality,71.59
NTPC,pro,PRO_11,Revenue growing slower than profits shows improving operating leverage and scale benefits,65.37
NTPC,con,CON_3,Operating margins declining for 3 consecutive years suggest pricing or cost pressure,75.0
NTPC,con,CON_5,Revenue contraction over 2 consecutive years indicates demand weakness or market share loss,75.0
NTPC,con,CON_8,Rising debt-to-equity ratio over 3 years suggests increasing financial leverage risk,75.0
NTPC,con,CON_9,Earnings per share declining for 3 consecutive years reflects deteriorating profitability,75.0
NTPC,con,CON_11,Net debt exceeding 3 times EBITDA is a high leverage ratio and limits financial flexibility,77.25
NTPC,con,CON_12,Revenue growing at below 5% over 5 years lags inflation and suggests limited business momentum,98.31
NESTLEIND,pro,PRO_1,Consistently high return on equity above 20% demonstrates exceptional capital efficiency,100.0
NESTLEIND,pro,PRO_2,Strong free cash flow generation over 5 years signals healthy business fundamentals,100.0
NESTLEIND,pro,PRO_7,Very high interest coverage ratio reflects negligible financial stress from debt servicing,100.0
NESTLEIND,pro,PRO_8,Consistent dividend yield above 2% backed by positive free cash flow,99.06
NESTLEIND,pro,PRO_10,Return on equity improving for 3 consecutive years shows strengthening business quality,100.0
NESTLEIND,pro,PRO_11,Revenue growing slower than profits shows improving operating leverage and scale benefits,66.04
NESTLEIND,con,CON_3,Operating margins declining for 3 consecutive years suggest pricing or cost pressure,75.0
NESTLEIND,con,CON_5,Revenue contraction over 2 consecutive years indicates demand weakness or market share loss,75.0
NESTLEIND,con,CON_8,Rising debt-to-equity ratio over 3 years suggests increasing financial leverage risk,75.0
NESTLEIND,con,CON_12,Revenue growing at below 5% over 5 years lags inflation and suggests limited business momentum,91.2
ONGC,pro,PRO_2,Strong free cash flow generation over 5 years signals healthy business fundamentals,100.0
ONGC,pro,PRO_7,Very high interest coverage ratio reflects negligible financial stress from debt servicing,78.4
ONGC,pro,PRO_10,Return on equity improving for 3 consecutive years shows strengthening business quality,76.18
ONGC,con,CON_3,Operating margins declining for 3 consecutive years suggest pricing or cost pressure,75.0
ONGC,con,CON_5,Revenue contraction over 2 consecutive years indicates demand weakness or market share loss,75.0
ONGC,con,CON_8,Rising debt-to-equity ratio over 3 years suggests increasing financial leverage risk,75.0
ONGC,con,CON_9,Earnings per share declining for 3 consecutive years reflects deteriorating profitability,75.0
ONGC,con,CON_12,Revenue growing at below 5% over 5 years lags inflation and suggests limited business momentum,95.53
PIDILITIND,pro,PRO_7,Very high interest coverage ratio reflects negligible financial stress from debt servicing,100.0
PIDILITIND,pro,PRO_11,Revenue growing slower than profits shows improving operating leverage and scale benefits,67.0
PIDILITIND,pro,PRO_12,Growing asset base funded by internal accruals reflects self-sustaining growth,85.0
PIDILITIND,con,CON_3,Operating margins declining for 3 consecutive years suggest pricing or cost pressure,75.0
PIDILITIND,con,CON_5,Revenue contraction over 2 consecutive years indicates demand weakness or market share loss,75.0
PIDILITIND,con,CON_8,Rising debt-to-equity ratio over 3 years suggests increasing financial leverage risk,75.0
PIDILITIND,con,CON_12,Revenue growing at below 5% over 5 years lags inflation and suggests limited business momentum,98.3
PFC,pro,PRO_1,Consistently high return on equity above 20% demonstrates exceptional capital efficiency,82.7
PFC,pro,PRO_5,Operating profit margin above 25% indicates strong pricing power and cost discipline,87.0
PFC,pro,PRO_10,Return on equity improving for 3 consecutive years shows strengthening business quality,87.7
PFC,con,CON_2,Free cash flow negative for 3 consecutive years raises concern about cash generation quality,85.0
PFC,con,CON_3,Operating margins declining for 3 consecutive years suggest pricing or cost pressure,75.0
PFC,con,CON_5,Revenue contraction over 2 consecutive years indicates demand weakness or market share loss,75.0
PFC,con,CON_6,Interest coverage ratio below 1.5x indicates the company is at risk of not meeting its debt obligations,90.33
PFC,con,CON_8,Rising debt-to-equity ratio over 3 years suggests increasing financial leverage risk,75.0
PFC,con,CON_10,Return on capital employed below 10% suggests the business is not generating sufficient returns on invested capital,75.1
PFC,con,CON_11,Net debt exceeding 3 times EBITDA is a high leverage ratio and limits financial flexibility,100.0
PFC,con,CON_12,Revenue growing at below 5% over 5 years lags inflation and suggests limited business momentum,97.09
POWERGRID,pro,PRO_2,Strong free cash flow generation over 5 years signals healthy business fundamentals,100.0
POWERGRID,pro,PRO_5,Operating profit margin above 25% indicates strong pricing power and cost discipline,100.0
POWERGRID,pro,PRO_8,Consistent dividend yield above 2% backed by positive free cash flow,94.31
POWERGRID,pro,PRO_10,Return on equity improving for 3 consecutive years shows strengthening business quality,77.34
POWERGRID,pro,PRO_11,Revenue growing slower than profits shows improving operating leverage and scale benefits,65.24
POWERGRID,con,CON_3,Operating margins declining for 3 consecutive years suggest pricing or cost pressure,75.0
POWERGRID,con,CON_5,Revenue contraction over 2 consecutive years indicates demand weakness or market share loss,75.0
POWERGRID,con,CON_8,Rising debt-to-equity ratio over 3 years suggests increasing financial leverage risk,75.0
POWERGRID,con,CON_12,Revenue growing at below 5% over 5 years lags inflation and suggests limited business momentum,99.97
PNB,pro,PRO_1,Consistently high return on equity above 20% demonstrates exceptional capital efficiency,100.0
PNB,pro,PRO_10,Return on equity improving for 3 consecutive years shows strengthening business quality,100.0
PNB,pro,PRO_11,Revenue growing slower than profits shows improving operating leverage and scale benefits,74.77
PNB,con,CON_5,Revenue contraction over 2 consecutive years indicates demand weakness or market share loss,75.0
PNB,con,CON_8,Rising debt-to-equity ratio over 3 years suggests increasing financial leverage risk,75.0
PNB,con,CON_9,Earnings per share declining for 3 consecutive years reflects deteriorating profitability,75.0
PNB,con,CON_10,Return on capital employed below 10% suggests the business is not generating sufficient returns on invested capital,95.92
PNB,con,CON_12,Revenue growing at below 5% over 5 years lags inflation and suggests limited business momentum,97.39
RECLTD,pro,PRO_5,Operating profit margin above 25% indicates strong pricing power and cost discipline,100.0
RECLTD,pro,PRO_10,Return on equity improving for 3 consecutive years shows strengthening business quality,80.5
RECLTD,con,CON_2,Free cash flow negative for 3 consecutive years raises concern about cash generation quality,85.0
RECLTD,con,CON_3,Operating margins declining for 3 consecutive years suggest pricing or cost pressure,75.0
RECLTD,con,CON_5,Revenue contraction over 2 consecutive years indicates demand weakness or market share loss,75.0
RECLTD,con,CON_8,Rising debt-to-equity ratio over 3 years suggests increasing financial leverage risk,75.0
RECLTD,con,CON_11,Net debt exceeding 3 times EBITDA is a high leverage ratio and limits financial flexibility,100.0
RECLTD,con,CON_12,Revenue growing at below 5% over 5 years lags inflation and suggests limited business momentum,96.67
RELIANCE,pro,PRO_8,Consistent dividend yield above 2% backed by positive free cash flow,100.0
RELIANCE,pro,PRO_10,Return on equity improving for 3 consecutive years shows strengthening business quality,67.45
RELIANCE,con,CON_5,Revenue contraction over 2 consecutive years indicates demand weakness or market share loss,75.0
RELIANCE,con,CON_8,Rising debt-to-equity ratio over 3 years suggests increasing financial leverage risk,75.0
RELIANCE,con,CON_10,Return on capital employed below 10% suggests the business is not generating sufficient returns on invested capital,75.97
RELIANCE,con,CON_12,Revenue growing at below 5% over 5 years lags inflation and suggests limited business momentum,98.15
SBILIFE,pro,PRO_3,Debt-free balance sheet provides financial flexibility and eliminates interest burden,75.0
SBILIFE,pro,PRO_7,Very high interest coverage ratio reflects negligible financial stress from debt servicing,100.0
SBILIFE,pro,PRO_11,Revenue growing slower than profits shows improving operating leverage and scale benefits,71.34
SBILIFE,con,CON_2,Free cash flow negative for 3 consecutive years raises concern about cash generation quality,85.0
SBILIFE,con,CON_3,Operating margins declining for 3 consecutive years suggest pricing or cost pressure,75.0
SBILIFE,con,CON_5,Revenue contraction over 2 consecutive years indicates demand weakness or market share loss,75.0
SBILIFE,con,CON_12,Revenue growing at below 5% over 5 years lags inflation and suggests limited business momentum,99.39
MOTHERSON,pro,PRO_2,Strong free cash flow generation over 5 years signals healthy business fundamentals,100.0
MOTHERSON,pro,PRO_8,Consistent dividend yield above 2% backed by positive free cash flow,88.62
MOTHERSON,pro,PRO_10,Return on equity improving for 3 consecutive years shows strengthening business quality,69.44
MOTHERSON,pro,PRO_11,Revenue growing slower than profits shows improving operating leverage and scale benefits,70.12
MOTHERSON,con,CON_3,Operating margins declining for 3 consecutive years suggest pricing or cost pressure,75.0
MOTHERSON,con,CON_5,Revenue contraction over 2 consecutive years indicates demand weakness or market share loss,75.0
MOTHERSON,con,CON_8,Rising debt-to-equity ratio over 3 years suggests increasing financial leverage risk,75.0
MOTHERSON,con,CON_12,Revenue growing at below 5% over 5 years lags inflation and suggests limited business momentum,95.73
SHREECEM,pro,PRO_2,Strong free cash flow generation over 5 years signals healthy business fundamentals,100.0
SHREECEM,pro,PRO_7,Very high interest coverage ratio reflects negligible financial stress from debt servicing,99.56
SHREECEM,pro,PRO_8,Consistent dividend yield above 2% backed by positive free cash flow,95.0
SHREECEM,pro,PRO_10,Return on equity improving for 3 consecutive years shows strengthening business quality,65.46
SHREECEM,pro,PRO_11,Revenue growing slower than profits shows improving operating leverage and scale benefits,65.89
SHREECEM,pro,PRO_12,Growing asset base funded by internal accruals reflects self-sustaining growth,85.0
SHREECEM,con,CON_3,Operating margins declining for 3 consecutive years suggest pricing or cost pressure,75.0
SHREECEM,con,CON_5,Revenue contraction over 2 consecutive years indicates demand weakness or market share loss,75.0
SHREECEM,con,CON_9,Earnings per share declining for 3 consecutive years reflects deteriorating profitability,75.0
SHREECEM,con,CON_12,Revenue growing at below 5% over 5 years lags inflation and suggests limited business momentum,98.51
SHRIRAMFIN,pro,PRO_5,Operating profit margin above 25% indicates strong pricing power and cost discipline,79.0
SHRIRAMFIN,pro,PRO_10,Return on equity improving for 3 consecutive years shows strengthening business quality,73.9
SHRIRAMFIN,pro,PRO_11,Revenue growing slower than profits shows improving operating leverage and scale benefits,68.79
SHRIRAMFIN,con,CON_2,Free cash flow negative for 3 consecutive years raises concern about cash generation quality,85.0
SHRIRAMFIN,con,CON_3,Operating margins declining for 3 consecutive years suggest pricing or cost pressure,75.0
SHRIRAMFIN,con,CON_5,Revenue contraction over 2 consecutive years indicates demand weakness or market share loss,75.0
SHRIRAMFIN,con,CON_6,Interest coverage ratio below 1.5x indicates the company is at risk of not meeting its debt obligations,88.72
SHRIRAMFIN,con,CON_9,Earnings per share declining for 3 consecutive years reflects deteriorating profitability,75.0
SHRIRAMFIN,con,CON_11,Net debt exceeding 3 times EBITDA is a high leverage ratio and limits financial flexibility,100.0
SHRIRAMFIN,con,CON_12,Revenue growing at below 5% over 5 years lags inflation and suggests limited business momentum,96.21
SIEMENS,pro,PRO_7,Very high interest coverage ratio reflects negligible financial stress from debt servicing,100.0
SIEMENS,pro,PRO_8,Consistent dividend yield above 2% backed by positive free cash flow,98.06
SIEMENS,pro,PRO_9,Earnings per share growing above 15% CAGR indicates strong earnings quality and compounding,76.92
SIEMENS,pro,PRO_10,Return on equity improving for 3 consecutive years shows strengthening business quality,77.12
SIEMENS,con,CON_5,Revenue contraction over 2 consecutive years indicates demand weakness or market share loss,75.0
SIEMENS,con,CON_8,Rising debt-to-equity ratio over 3 years suggests increasing financial leverage risk,75.0
SIEMENS,con,CON_9,Earnings per share declining for 3 consecutive years reflects deteriorating profitability,75.0
SBIN,pro,PRO_11,Revenue growing slower than profits shows improving operating leverage and scale benefits,65.03
SBIN,con,CON_3,Operating margins declining for 3 consecutive years suggest pricing or cost pressure,75.0
SBIN,con,CON_5,Revenue contraction over 2 consecutive years indicates demand weakness or market share loss,75.0
SBIN,con,CON_6,Interest coverage ratio below 1.5x indicates the company is at risk of not meeting its debt obligations,93.9
SBIN,con,CON_9,Earnings per share declining for 3 consecutive years reflects deteriorating profitability,75.0
SBIN,con,CON_10,Return on capital employed below 10% suggests the business is not generating sufficient returns on invested capital,84.6
SBIN,con,CON_12,Revenue growing at below 5% over 5 years lags inflation and suggests limited business momentum,97.22
SUNPHARMA,pro,PRO_5,Operating profit margin above 25% indicates strong pricing power and cost discipline,78.0
SUNPHARMA,pro,PRO_7,Very high interest coverage ratio reflects negligible financial stress from debt servicing,100.0
SUNPHARMA,pro,PRO_8,Consistent dividend yield above 2% backed by positive free cash flow,99.25
SUNPHARMA,pro,PRO_10,Return on equity improving for 3 consecutive years shows strengthening business quality,73.86
SUNPHARMA,pro,PRO_11,Revenue growing slower than profits shows improving operating leverage and scale benefits,67.7
SUNPHARMA,pro,PRO_12,Growing asset base funded by internal accruals reflects self-sustaining growth,85.0
SUNPHARMA,con,CON_3,Operating margins declining for 3 consecutive years suggest pricing or cost pressure,75.0
SUNPHARMA,con,CON_5,Revenue contraction over 2 consecutive years indicates demand weakness or market share loss,75.0
SUNPHARMA,con,CON_8,Rising debt-to-equity ratio over 3 years suggests increasing financial leverage risk,75.0
SUNPHARMA,con,CON_12,Revenue growing at below 5% over 5 years lags inflation and suggests limited business momentum,98.47
TVSMOTOR,pro,PRO_1,Consistently high return on equity above 20% demonstrates exceptional capital efficiency,82.78
TVSMOTOR,pro,PRO_10,Return on equity improving for 3 consecutive years shows strengthening business quality,87.78
TVSMOTOR,pro,PRO_11,Revenue growing slower than profits shows improving operating leverage and scale benefits,66.77
TVSMOTOR,con,CON_1,Debt-to-equity ratio of 3.83 is elevated for a non-financial company and warrants monitoring,97.92
TVSMOTOR,con,CON_2,Free cash flow negative for 3 consecutive years raises concern about cash generation quality,85.0
TVSMOTOR,con,CON_3,Operating margins declining for 3 consecutive years suggest pricing or cost pressure,75.0
TVSMOTOR,con,CON_5,Revenue contraction over 2 consecutive years indicates demand weakness or market share loss,75.0
TVSMOTOR,con,CON_8,Rising debt-to-equity ratio over 3 years suggests increasing financial leverage risk,75.0
TVSMOTOR,con,CON_11,Net debt exceeding 3 times EBITDA is a high leverage ratio and limits financial flexibility,82.02
TVSMOTOR,con,CON_12,Revenue growing at below 5% over 5 years lags inflation and suggests limited business momentum,96.21
TCS,pro,PRO_1,Consistently high return on equity above 20% demonstrates exceptional capital efficiency,100.0
TCS,pro,PRO_2,Strong free cash flow generation over 5 years signals healthy business fundamentals,100.0
TCS,pro,PRO_5,Operating profit margin above 25% indicates strong pricing power and cost discipline,77.0
TCS,pro,PRO_7,Very high interest coverage ratio reflects negligible financial stress from debt servicing,100.0
TCS,pro,PRO_10,Return on equity improving for 3 consecutive years shows strengthening business quality,100.0
TCS,pro,PRO_11,Revenue growing slower than profits shows improving operating leverage and scale benefits,65.39
TCS,con,CON_3,Operating margins declining for 3 consecutive years suggest pricing or cost pressure,75.0
TCS,con,CON_5,Revenue contraction over 2 consecutive years indicates demand weakness or market share loss,75.0
TCS,con,CON_12,Revenue growing at below 5% over 5 years lags inflation and suggests limited business momentum,98.11
TATACONSUM,pro,PRO_2,Strong free cash flow generation over 5 years signals healthy business fundamentals,100.0
TATACONSUM,pro,PRO_7,Very high interest coverage ratio reflects negligible financial stress from debt servicing,100.0
TATACONSUM,pro,PRO_10,Return on equity improving for 3 consecutive years shows strengthening business quality,64.46
TATACONSUM,con,CON_5,Revenue contraction over 2 consecutive years indicates demand weakness or market share loss,75.0
TATACONSUM,con,CON_8,Rising debt-to-equity ratio over 3 years suggests increasing financial leverage risk,75.0
TATACONSUM,con,CON_9,Earnings per share declining for 3 consecutive years reflects deteriorating profitability,75.0
TATACONSUM,con,CON_12,Revenue growing at below 5% over 5 years lags inflation and suggests limited business momentum,97.12
TATAMOTORS,pro,PRO_2,Strong free cash flow generation over 5 years signals healthy business fundamentals,100.0
TATAMOTORS,pro,PRO_8,Consistent dividend yield above 2% backed by positive free cash flow,97.81
TATAMOTORS,pro,PRO_10,Return on equity improving for 3 consecutive years shows strengthening business quality,100.0
TATAMOTORS,pro,PRO_11,Revenue growing slower than profits shows improving operating leverage and scale benefits,66.41
TATAMOTORS,pro,PRO_12,Growing asset base funded by internal accruals reflects self-sustaining growth,85.0
TATAMOTORS,con,CON_3,Operating margins declining for 3 consecutive years suggest pricing or cost pressure,75.0
TATAMOTORS,con,CON_5,Revenue contraction over 2 consecutive years indicates demand weakness or market share loss,75.0
TATAMOTORS,con,CON_8,Rising debt-to-equity ratio over 3 years suggests increasing financial leverage risk,75.0
TATAMOTORS,con,CON_9,Earnings per share declining for 3 consecutive years reflects deteriorating profitability,75.0
TATAMOTORS,con,CON_12,Revenue growing at below 5% over 5 years lags inflation and suggests limited business momentum,99.8
TATAPOWER,pro,PRO_10,Return on equity improving for 3 consecutive years shows strengthening business quality,71.54
TATAPOWER,con,CON_3,Operating margins declining for 3 consecutive years suggest pricing or cost pressure,75.0
TATAPOWER,con,CON_5,Revenue contraction over 2 consecutive years indicates demand weakness or market share loss,75.0
TATAPOWER,con,CON_8,Rising debt-to-equity ratio over 3 years suggests increasing financial leverage risk,75.0
TATAPOWER,con,CON_9,Earnings per share declining for 3 consecutive years reflects deteriorating profitability,75.0
TATAPOWER,con,CON_12,Revenue growing at below 5% over 5 years lags inflation and suggests limited business momentum,98.64
TATASTEEL,pro,PRO_2,Strong free cash flow generation over 5 years signals healthy business fundamentals,100.0
TATASTEEL,pro,PRO_10,Return on equity improving for 3 consecutive years shows strengthening business quality,61.66
TATASTEEL,con,CON_3,Operating margins declining for 3 consecutive years suggest pricing or cost pressure,75.0
TATASTEEL,con,CON_4,Company reported a net loss in the most recent financial year,75.0
TATASTEEL,con,CON_5,Revenue contraction over 2 consecutive years indicates demand weakness or market share loss,75.0
TATASTEEL,con,CON_8,Rising debt-to-equity ratio over 3 years suggests increasing financial leverage risk,75.0
TATASTEEL,con,CON_9,Earnings per share declining for 3 consecutive years reflects deteriorating profitability,75.0
TATASTEEL,con,CON_10,Return on capital employed below 10% suggests the business is not generating sufficient returns on invested capital,82.45
TATASTEEL,con,CON_12,Revenue growing at below 5% over 5 years lags inflation and suggests limited business momentum,98.49
TECHM,pro,PRO_2,Strong free cash flow generation over 5 years signals healthy business fundamentals,100.0
TECHM,pro,PRO_7,Very high interest coverage ratio reflects negligible financial stress from debt servicing,84.65
TECHM,pro,PRO_10,Return on equity improving for 3 consecutive years shows strengthening business quality,66.24
TECHM,pro,PRO_11,Revenue growing slower than profits shows improving operating leverage and scale benefits,75.91
TECHM,con,CON_3,Operating margins declining for 3 consecutive years suggest pricing or cost pressure,75.0
TECHM,con,CON_5,Revenue contraction over 2 consecutive years indicates demand weakness or market share loss,75.0
TECHM,con,CON_7,"Dividend payout ratio above 100% means the company is paying dividends from reserves, which is unsustainable",87.5
TECHM,con,CON_8,Rising debt-to-equity ratio over 3 years suggests increasing financial leverage risk,75.0
TECHM,con,CON_9,Earnings per share declining for 3 consecutive years reflects deteriorating profitability,75.0
TECHM,con,CON_12,Revenue growing at below 5% over 5 years lags inflation and suggests limited business momentum,99.62
TITAN,pro,PRO_1,Consistently high return on equity above 20% demonstrates exceptional capital efficiency,96.53
TITAN,pro,PRO_8,Consistent dividend yield above 2% backed by positive free cash flow,94.38
TITAN,pro,PRO_10,Return on equity improving for 3 consecutive years shows strengthening business quality,100.0
TITAN,con,CON_3,Operating margins declining for 3 consecutive years suggest pricing or cost pressure,75.0
TITAN,con,CON_5,Revenue contraction over 2 consecutive years indicates demand weakness or market share loss,75.0
TITAN,con,CON_8,Rising debt-to-equity ratio over 3 years suggests increasing financial leverage risk,75.0
TITAN,con,CON_12,Revenue growing at below 5% over 5 years lags inflation and suggests limited business momentum,97.34
TORNTPHARM,pro,PRO_1,Consistently high return on equity above 20% demonstrates exceptional capital efficiency,80.19
TORNTPHARM,pro,PRO_2,Strong free cash flow generation over 5 years signals healthy business fundamentals,100.0
TORNTPHARM,pro,PRO_5,Operating profit margin above 25% indicates strong pricing power and cost discipline,81.0
TORNTPHARM,pro,PRO_10,Return on equity improving for 3 consecutive years shows strengthening business quality,85.19
TORNTPHARM,pro,PRO_11,Revenue growing slower than profits shows improving operating leverage and scale benefits,66.62
TORNTPHARM,con,CON_3,Operating margins declining for 3 consecutive years suggest pricing or cost pressure,75.0
TORNTPHARM,con,CON_5,Revenue contraction over 2 consecutive years indicates demand weakness or market share loss,75.0
TORNTPHARM,con,CON_8,Rising debt-to-equity ratio over 3 years suggests increasing financial leverage risk,75.0
TORNTPHARM,con,CON_9,Earnings per share declining for 3 consecutive years reflects deteriorating profitability,75.0
TORNTPHARM,con,CON_12,Revenue growing at below 5% over 5 years lags inflation and suggests limited business momentum,97.83
TRENT,pro,PRO_2,Strong free cash flow generation over 5 years signals healthy business fundamentals,100.0
TRENT,pro,PRO_8,Consistent dividend yield above 2% backed by positive free cash flow,96.62
TRENT,pro,PRO_10,Return on equity improving for 3 consecutive years shows strengthening business quality,100.0
TRENT,pro,PRO_11,Revenue growing slower than profits shows improving operating leverage and scale benefits,65.21
TRENT,con,CON_5,Revenue contraction over 2 consecutive years indicates demand weakness or market share loss,75.0
TRENT,con,CON_8,Rising debt-to-equity ratio over 3 years suggests increasing financial leverage risk,75.0
TRENT,con,CON_12,Revenue growing at below 5% over 5 years lags inflation and suggests limited business momentum,91.98
